SKU,Photo
"T0610","https://lh3.googleusercontent.com/d/1tEx9eh-KiiKBWW68XhvCRTt1wZZuI9Ge"
"T0601","https://lh3.googleusercontent.com/d/1pXymfm3lFia_PzTNRY9uJV5sZ5YLaBSd"
"T0603","https://lh3.googleusercontent.com/d/1ZiLz7PgMXc3xRQ1LomUzRBIUBCoKJgun"
"T0604","https://lh3.googleusercontent.com/d/1sN8QS5ukx88BB7kra_csiab_Knh0NbPV"
"T1249","https://lh3.googleusercontent.com/d/1ENKXh9Sb_7E7LW3qQqSw_-m5TWIqgmUF"
"T0605","https://lh3.googleusercontent.com/d/10Sda5yBpRukhHJn6nfFTfYNfGviX67MY"
"T0606","https://lh3.googleusercontent.com/d/14P3ckqNftrCmmWkx9A2RCggRHe0MM4Yq"
"T0607","https://lh3.googleusercontent.com/d/16S42ScGKyU2P8GtpPEiKKwxQ4G9Ow0h1"
"T1250","https://lh3.googleusercontent.com/d/1zbf7sZuFX1-YwL0G26nHTIaxvtiBF_2A"
"T0608","https://lh3.googleusercontent.com/d/1FLH17PnNHYL3h65WDVISGdFuPXV_dBBH"
"T1251","https://lh3.googleusercontent.com/d/157KijiZghoXJ8TS4U2_nMXnvfkQ90A2R"
"T1252","https://lh3.googleusercontent.com/d/1X0ElO9fcWUT1N0Wtx3I04ZHRfFNn6F4M"
"T0609","https://lh3.googleusercontent.com/d/1XbhlezBVw9_MI992PwH_9xN3EOqi5saw"
"T1253","https://lh3.googleusercontent.com/d/1fsHjgmMJh6Vte5u13c2qHcpFvJN0y19U"
"x12mtjhl","https://lh3.googleusercontent.com/d/1ohaIO3K7Diwn0CnpFhWxVUHMcSpk4rTU"
"x1krwmg","https://lh3.googleusercontent.com/d/1LRxTLON1hlLSwQsWSilFPWjsEZG-6hMN"
"xvi56wy","https://lh3.googleusercontent.com/d/1jl79FGTL6oT-CJ_fLorrlNEk_Fj4bP0P"
"x1y3ngi3","https://lh3.googleusercontent.com/d/1Re1XxmQ5G6kNaPRMTbdsAenjUqQekb7p"
"x15buv5e","https://lh3.googleusercontent.com/d/1zZphKJKu11KAWjZyH3gOksI_ec51Ke4b"
"xf9ju07","https://lh3.googleusercontent.com/d/11ekTp7YeTNY79zZRBojaIKcGZMiyoRaC"
"xlb6qyd","https://lh3.googleusercontent.com/d/1-H1fgL-niDXZWtaxPP7CiOK0s754YXIf"
"x1i8u7sz","https://lh3.googleusercontent.com/d/1RVRlwl85dd2WEol5KF_3ohVORhPMTl6T"
"x1mnvj50","https://lh3.googleusercontent.com/d/1jBD0MRkvgm6jpv-eoRllwbfktCkFtIE-"
"x19z7n07","https://lh3.googleusercontent.com/d/16orxGIWYtyI351P-FqJukSH6gzg2NGZo"
"x1st6by9","https://lh3.googleusercontent.com/d/1V4lf7pT33n0_9Pb1W1PDhWA1SBRoNgpa"
"T0616","https://lh3.googleusercontent.com/d/1V4gYuQy5oeSof-ctxXTDZoNIM0m895lQ"
"T0696","https://lh3.googleusercontent.com/d/1uLmt3E6CoXzjSs-DX7bE7x-HTOlddZ6A"
"T1182","https://lh3.googleusercontent.com/d/1XOnOm0hxuXpfvpjMrGe6oX8FKGX1xLl8"
"T1183","https://lh3.googleusercontent.com/d/1PCE1g_tu54WRYXjTFdnJmDKQgnPFB2YG"
"T0619","https://lh3.googleusercontent.com/d/1qwOawSjY4WFqXbLzYW__kNxMd76De1k2"
"T0621","https://lh3.googleusercontent.com/d/1iu-mt_CdWb9jcUCU1mwzjLx1wWxduYkp"
"T0625","https://lh3.googleusercontent.com/d/1OmYTQcgRsafodXwdgICmwe1ALbFbG8k0"
"T0626","https://lh3.googleusercontent.com/d/1mw9QEzg-THaA1HuqdUKvKp_7eplakdSO"
"T0628","https://lh3.googleusercontent.com/d/11xApEDq2KQRBse3H8EnRHAjyAy5RyVEQ"
"T0630","https://lh3.googleusercontent.com/d/1XgFDNmcwJ6zvVwgGHH9SMujnSBQIVtbK"
"T1184","https://lh3.googleusercontent.com/d/1e3RAZitgrvtrNdNGLSMN0t3LxOZOo-uh"
"T0632","https://lh3.googleusercontent.com/d/1mMppyqpuYX7VmN9JaV3u9TELKjFtP4Gs"
"T0634","https://lh3.googleusercontent.com/d/1yEvlj7e9aPbsdrl5syuPMc9ObTyHvBdQ"
"T1185","https://lh3.googleusercontent.com/d/12Idvt9bu7MQ8VhumDNusVSmmjE1LpD8R"
"T0637","https://lh3.googleusercontent.com/d/1cj3AkwCUHFZIPSOri0IFr1Ttc6BuJEYr"
"T0641","https://lh3.googleusercontent.com/d/1RJ9axtSvItHcIT9AQE_sNFFMgRYuaO2w"
"T0639","https://lh3.googleusercontent.com/d/1TnTJ0w1-wCm6YlADRUC7QCYB8dnIia1y"
"T1393","https://lh3.googleusercontent.com/d/1Fxr7HK1UMPL24s6LFkrbNQ0omgM-nV35"
"T1394","https://lh3.googleusercontent.com/d/16A0UPEAf7ghFaDZ4q8AFp4EByhM-VE1R"
"T1395","https://lh3.googleusercontent.com/d/1xrSlmqlyCZmys_LHQWV1CTNIvwXQRLvG"
"T1392","https://lh3.googleusercontent.com/d/1JH5nBSu8iQ4IhekbDTCfAImdX_uR2UEk"
"T1386","https://lh3.googleusercontent.com/d/1ggxG_QzgIpV3L2XJy-DbY1FrGDNQsWus"
"T1387","https://lh3.googleusercontent.com/d/1hTA4GsB_hrMBlgO-WVNUaq2Rdn8zjMZh"
"T1388","https://lh3.googleusercontent.com/d/1SQiNlye8jbqHbf8KHw3KFwzWauuXwphq"
"T1389","https://lh3.googleusercontent.com/d/17tdYq6hp13sz_p-v897VoWopPOQLmqBv"
"T1390","https://lh3.googleusercontent.com/d/1byi7SPo7OyrrWU0L_dE1qMwm6IS7R_vK"
"T0857","https://lh3.googleusercontent.com/d/1MAklxHLeD91ONFgAEFYNiK484B1SkPYM"
"T0689","https://lh3.googleusercontent.com/d/1O-qQZCmWRaJaNBmzLzmXEE0WVzVE3tsj"
"T0690","https://lh3.googleusercontent.com/d/11zVSfstYdRkytTpBN8QZEizqYdJIesGp"
"T0691","https://lh3.googleusercontent.com/d/1wHbd-w1z0rz5cG4JH8Kom9TccrKOYLmG"
"T0692","https://lh3.googleusercontent.com/d/1b77qA2GPAb6W41P-awqfcJug_w56w_Cg"
"T0693","https://lh3.googleusercontent.com/d/1infkGrONgT6ugkiBLtCK0F0WfMRqEyES"
"T1407","https://lh3.googleusercontent.com/d/15JbTV0P2pDYOkZPtHEXG2d-0B3LK9xQm"
"T1408","https://lh3.googleusercontent.com/d/1CWnn1I6pY0qaLfiOQOPLh83aFQrcl-zl"
"T1409","https://lh3.googleusercontent.com/d/10r-vBkvFPi0l1zJy8p-JStd5StIOHQi0"
"T1410","https://lh3.googleusercontent.com/d/15qZ8dq-FyVHj6YNYm2ox4BLHvSWZs_5e"
"T1414","https://lh3.googleusercontent.com/d/1kWsUAi3vaPbc1ar5k0nXkacsTNHmzACm"
"T1415","https://lh3.googleusercontent.com/d/1fAh1liByNaLd8fkfCnVmYXOWDYmxWJUv"
"T1416","https://lh3.googleusercontent.com/d/13PtAdGqQLCBOiDBeHCzGe8VPbZBdkbF8"
"T1417","https://lh3.googleusercontent.com/d/1NqT98ENZdsKnNVqayCDYnx-k5Y4onMSp"
"T1418","https://lh3.googleusercontent.com/d/1S1uq61nrbVUmAzRFhhhXk1QSuG343HjA"
"T1419","https://lh3.googleusercontent.com/d/1AnPJHWJmKm-fUPorI26eIb9p5QiBC3sk"
"T1420","https://lh3.googleusercontent.com/d/1D8H1acnZ8gOsCG-Rorv-_b5CVwWyf_gE"
"T1421","https://lh3.googleusercontent.com/d/11lpoGYXy0KLMMwsi5F2G8y1PrxpzmP3z"
"T1422","https://lh3.googleusercontent.com/d/13G0-9oDBDkh3E0x7qxh9anIbbwNwWOJ-"
"T1423","https://lh3.googleusercontent.com/d/1njBx05v3wTEa7RkaH8b6qC1HoTttNga4"
"T1425","https://lh3.googleusercontent.com/d/1FlyxGDzu3SYaoBycPxMpna5LACbdpz6M"
"T1426","https://lh3.googleusercontent.com/d/1ENeSfvlkokGYMK3O8J_X5gMIneAU5Z2R"
"T1427","https://lh3.googleusercontent.com/d/1bM7MgpUAnaJ9GIO4K1sPHanY1rl2HMb5"
"T1428","https://lh3.googleusercontent.com/d/1M7hunFLM0aq-KWRsTshoy_wMQI9o4ND5"
"T1429","https://lh3.googleusercontent.com/d/1VTnNZwnwc4nvmMGnbVX703HJYCn2wZls"
"T1430","https://lh3.googleusercontent.com/d/1DJBP_O8dOPvB7zoZ5z40mDReqJpfESkE"
"T1431","https://lh3.googleusercontent.com/d/1HcilF1AbV0Gaq-Y-Mpp-66C7a-XTojE2"
"T1432","https://lh3.googleusercontent.com/d/1AhUHNTGRE45clpqADg3aop3t5Oa4g7At"
"T1433","https://lh3.googleusercontent.com/d/1tDRW9za-CwHZjhV6YQ8qSoIjPqL9rOAU"
"T1434","https://lh3.googleusercontent.com/d/160i0bf1S0i8CpxaPg9hTCXnU3YFs67Bq"
"T1254","https://lh3.googleusercontent.com/d/17jirN-1b5KLBlYSaLr7lC1tbKnczy0bB"
"T1255","https://lh3.googleusercontent.com/d/1GQ4Nch0ZCx-5629JM3V1hihPhfM0SUKQ"
"xw3b7vd","https://lh3.googleusercontent.com/d/1vmj5OdObHxOazY9-aSecmdSVbTKG3WAj"
"T1256","https://lh3.googleusercontent.com/d/12nC8nyT4dRv27SzlRyZhf3RVfJeXbuYa"
"xwc1r78","https://lh3.googleusercontent.com/d/1MyBWuWfpnX-1OkDQei4Ap7-xLBwP0AOQ"
"T1257","https://lh3.googleusercontent.com/d/10d_0YqswhDoNH6c3LrcK1Co0-SxSQu2D"
"x1egwyo6","https://lh3.googleusercontent.com/d/1ixIPBVwxjzNSd8AdTbl-_LuyhmD2J75F"
"T1258","https://lh3.googleusercontent.com/d/1KC93cDWEIBAbh923A8LBaA94Xp4Cr9TK"
"xxtawz9","https://lh3.googleusercontent.com/d/1gLsimPQkqyIAXyNYpIaWg2jRFcsNBtjN"
"T1260","https://lh3.googleusercontent.com/d/1X2iFukUMvbm0I2C1RvcOxD9m7_eSxRlU"
"T1261","https://lh3.googleusercontent.com/d/1sdHBJNOidLR3uHLR5G2ci5ahj3ZLJdhV"
"T1262","https://lh3.googleusercontent.com/d/1eLo-JhyuwBoTzpH4mxq0gNDLS2P1wUYs"
"T0740","https://lh3.googleusercontent.com/d/1jqqZK7M_pF_2ECH-5UodHqvKZKAtjbxO"
"T0741","https://lh3.googleusercontent.com/d/1Hwj_SRyngpLpIFPHn1iRQEBA7SJLN7UU"
"T0742","https://lh3.googleusercontent.com/d/1yAC443qhlX8py_jHc9h_vALjK_Zq1--9"
"T0743","https://lh3.googleusercontent.com/d/1hFsKKab97hbXGywVbOWFv3sOFk0gCsed"
"T0744","https://lh3.googleusercontent.com/d/1D8WM8kiD9jsPb8n2ojWyMmififTIVefQ"
"T0746","https://lh3.googleusercontent.com/d/1hMxKvKZpIeHFaWpB_-zx5hgNr_AUirLR"
"T1558","https://lh3.googleusercontent.com/d/1eNYzaJx9A7x-ssfwJL9lN-xjxBlo-_U_"
"T1559","https://lh3.googleusercontent.com/d/1qUUddk-a3NOOuOFQbpvz-ER3dhUeyBMy"
"T1560","https://lh3.googleusercontent.com/d/18fmU0Kge2bSmRoMyoP8whlRlNvVnv1vU"
"T0993","https://lh3.googleusercontent.com/d/1ZQDGU2rsmcfJaE9CRgQYZNIPZhQwrwWz"
"T0994","https://lh3.googleusercontent.com/d/1eMe0PM6KDBAZ36IR478VJVaSCWHa8ew_"
"T1561","https://lh3.googleusercontent.com/d/1b7fkBk1w4FVOPhYzXcMHwDjdvbCwzjWq"
"T0987","https://lh3.googleusercontent.com/d/1DDXeyU-y3CUijKfWJ6k7D47Kid4mBRdA"
"T0988","https://lh3.googleusercontent.com/d/1UTJPQAQeJUH5oeUgus3NWuVojAnpFXp6"
"T1198","https://lh3.googleusercontent.com/d/1PHVPQfUURFny9jF1YrioJzRSryVxdRUJ"
"T0990","https://lh3.googleusercontent.com/d/169u0MinEy2pp969IfzRGSvB3Gw_NkTqn"
"T1281","https://lh3.googleusercontent.com/d/1WB6YEQQ8GpDxWOuuLHrYDEu0BGORpGyK"
"T1280","https://lh3.googleusercontent.com/d/1-1b56dPvEO5_3WQh_Lbu-z4Vw8N6Hii9"
"T1283","https://lh3.googleusercontent.com/d/1OQ6_HMMAkPfgzVqzzOZaIjkARkDGmTVe"
"T1282","https://lh3.googleusercontent.com/d/1S-QNrIPvgyeKmvswB1fIFb0vg6-RSTWV"
"T1199","https://lh3.googleusercontent.com/d/1k4008SYCCTaxrewkAaFGKrEohDSHjgQK"
"T1200","https://lh3.googleusercontent.com/d/1JkTdR69XA_YWye8yOEpJ_ywhIlnqvdz1"
"T1284","https://lh3.googleusercontent.com/d/1OYJc-G_QcrXK45msf5Gwr7DxXz1J_yGj"
"T1196","https://lh3.googleusercontent.com/d/1FurueeYFsRP5m8WyghvzneUhO1fLBMqS"
"T0984","https://lh3.googleusercontent.com/d/1KjiUl3OCcQV7qL6Cuy_j9smBczSFxUF7"
"T0980","https://lh3.googleusercontent.com/d/1EUDZ37tFPTD9J6aLVW_FG5M2LP4fxvdj"
"T0981","https://lh3.googleusercontent.com/d/1K8FvPAyjJX5oSTFVN187-FHN9ReQnR9y"
"T0998","https://lh3.googleusercontent.com/d/1pjlYZ4u6eTuUhCMw1aigHwARugtcS3mH"
"T0999","https://lh3.googleusercontent.com/d/1sa-ZuEdz4A7HWoPtPrEddLEdj57CUHHW"
"T1001","https://lh3.googleusercontent.com/d/1MWx5foQ4iFZWYc_tviNrAt2UGuGJrBXl"
"T1002","https://lh3.googleusercontent.com/d/1fplogfYS8bk3rhlLKag9gw8yF84jNAVX"
"T1003","https://lh3.googleusercontent.com/d/16aEfdY12SKeMPQTc5eEsGcLIvwvRYpye"
"T1004","https://lh3.googleusercontent.com/d/10N4VmjFQLjhOHU1kvgGfEI-2YecY9kCH"
"T0721","https://lh3.googleusercontent.com/d/1yJ_YkQHr0muxxluqc_-i8xqd8tFEqjbT"
"T0722","https://lh3.googleusercontent.com/d/1rnvEQiqvyP8k1Jtlnq0Jtb-udOUcLS7q"
"T0724","https://lh3.googleusercontent.com/d/1JrmUor7HzZjiP48dHLU0Qx5iRy2jDp0K"
"T0725","https://lh3.googleusercontent.com/d/1MdoFDa8gxyCaBZ06s7DUfbhUbS7YBtN0"
"T0726","https://lh3.googleusercontent.com/d/1z9DVU55hcqO4GnYNFb7uWC77pTSM6J8w"
"T0727","https://lh3.googleusercontent.com/d/1-ufUY0_BDqlSMpEbykpuYWRe_FQoSQ16"
"T0728","https://lh3.googleusercontent.com/d/1prTiszxCpPTiyeACNTzZ9xThUN7tCvp5"
"T0749","https://lh3.googleusercontent.com/d/1uopyy9S8-59qhx_n75WJOuhagJ13p1Ta"
"T0758","https://lh3.googleusercontent.com/d/125ITvJv07RBowjm4-GHeFrwCeo2lNYDv"
"T0759","https://lh3.googleusercontent.com/d/1s_-4iB62pyl7mSFO9kPCrO1t9f17bvUX"
"T0753","https://lh3.googleusercontent.com/d/1mQhsqLzbwIxCTV6NfE9vmVxE2rphGGVT"
"T0754","https://lh3.googleusercontent.com/d/13A3aWdoIE0lyy0dlr4XDfm-c-EtJugb0"
"T1212","https://lh3.googleusercontent.com/d/1odiUhuTBKsh72qeuw36FyeLGhxgwOWYu"
"T0755","https://lh3.googleusercontent.com/d/1OPRvL9Q4qHaxsi3BtGMcDPiIIOym_44Y"
"T0757","https://lh3.googleusercontent.com/d/1-ULbRIb2pTrbpn3KZg50LTD74Mi1On_K"
"T1213","https://lh3.googleusercontent.com/d/1Qwg3Ge80Doag82SJKQzUk1R9_9AVCUEl"
"T1215","https://lh3.googleusercontent.com/d/1cM_MDN4Sal2zag_TfeAIC7fw2O_tk4BN"
"T0808","https://lh3.googleusercontent.com/d/14sP81JojIWhGKhOay_PMnNSSUHIcD_mX"
"T0810","https://lh3.googleusercontent.com/d/1k6lKr6LmIvLhPvDKZ37OSYCKtKOm8Jxc"
"T0811","https://lh3.googleusercontent.com/d/1IkGfB5BGCEGKSJ-iJO3OteQjPsGx2e47"
"T1019","https://lh3.googleusercontent.com/d/1fB-Z99qRYhDa48OIANj_AGu8knc3dAoX"
"T0812","https://lh3.googleusercontent.com/d/1vsYE7g1EoksN9aO-xUPLJsy6x2TqmBkg"
"T1367","https://lh3.googleusercontent.com/d/1YvQshGY9tujugMctX9bBwuDmRfFM44bz"
"T0813","https://lh3.googleusercontent.com/d/1s29sKWRu9U7tI9eJx44hNk9PYpW4S-gv"
"T1216","https://lh3.googleusercontent.com/d/1UImMaVpmMFX_aCOvbdZUf9I7ZmzTrFQP"
"T0814","https://lh3.googleusercontent.com/d/1E3nzmznXWaqUm6TXx1spVNMn7wnH4Uoy"
"T0815","https://lh3.googleusercontent.com/d/1-Lb52hq8B8Gu65I7doCyVu3zZFhz3i6x"
"T0816","https://lh3.googleusercontent.com/d/136h0dITRCryRt9sB6KVJPfQeqdAjKJJq"
"T0817","https://lh3.googleusercontent.com/d/1A9Sdkqq7H_mJw7W6q8n8zOrh49WfaEyZ"
"T1020","https://lh3.googleusercontent.com/d/1HGd5BJ9G_SNvJlC0ypfMeNnuAJrme_Zq"
"T1021","https://lh3.googleusercontent.com/d/17O2Gq-XtyuddtsG76P-nA2vLN2Fyq9AF"
"T1217","https://lh3.googleusercontent.com/d/1fxxT3ASw7aX1CIx-_fPJH41F5oVO4A04"
"T1023","https://lh3.googleusercontent.com/d/1Ow1X3I7Df698g-8-0vA8SxNXSGtzoIup"
"T0818","https://lh3.googleusercontent.com/d/1LqhTtUxcVXKQiPZPlzyu32eCd1qMA4jo"
"T1218","https://lh3.googleusercontent.com/d/1xT_ZY8ATs-PfJrSS8lypcTR7rwHgGcyj"
"T1024","https://lh3.googleusercontent.com/d/1ZePzglqOCqlYkoSiA6ZE6vEaYg-OlgQT"
"T0819","https://lh3.googleusercontent.com/d/1TglCmrjgrppu9CxqScNOnXSyMBUoTe2d"
"T0821","https://lh3.googleusercontent.com/d/1kXMzzObm8rwOarOSWcBXfz5AZw1pS-z8"
"T0822","https://lh3.googleusercontent.com/d/1mvPy6BAviZ6Y9h4PBFOAVdVBQu5zAMOw"
"T0823","https://lh3.googleusercontent.com/d/1MW59z58XUK5v45mdor4aM33QyXMBhQna"
"T1219","https://lh3.googleusercontent.com/d/1ixGIxV-TicUVOaOjs1CysWKwpJaJzBbY"
"T0824","https://lh3.googleusercontent.com/d/1DtNBS_P21sbGEzkVzR42rIrASZXlBdP-"
"T0825","https://lh3.googleusercontent.com/d/1w3vQMn2ZutlMWj8i5LC4uLKQxFoi9_oF"
"T0826","https://lh3.googleusercontent.com/d/1GtOZS4zJ7BjPk1kKN5Ir5dM3KlMPHg2I"
"T0827","https://lh3.googleusercontent.com/d/1Eoj9fQ-5WNqPxK8NKotCbng-MaxqJPeV"
"T0828","https://lh3.googleusercontent.com/d/1-UWhhaThE8BFHBQGY9vBUtaFbnTwfzej"
"T0829","https://lh3.googleusercontent.com/d/1EXMu5x0bwZhA7HkWr5nWc6HyZjsBZG_O"
"T0830","https://lh3.googleusercontent.com/d/1M7HCWbieK9ifNI5AMmJ-36XH7W6LyeEl"
"T0832","https://lh3.googleusercontent.com/d/1NAE-WgosAvmKn1P1HRtdyRJK6RsjBXQP"
"T1220","https://lh3.googleusercontent.com/d/17OXu4GmKSD7gDW-liTP6MUnK1QeKDoi2"
"T0833","https://lh3.googleusercontent.com/d/1Kn8-mOioVEJWou9naJ7q7at0xGZjAVvA"
"T0834","https://lh3.googleusercontent.com/d/1tjoCqoW5tRhzWmyLr0efFDTF5w_nA0lT"
"T1370","https://lh3.googleusercontent.com/d/1B8HrrTLpGhakpODBu-Uoz2G3mDXk4rdk"
"T1221","https://lh3.googleusercontent.com/d/1DnWjQY3a8IowqnjUEkIrm1baHw7dfJoD"
"T1025","https://lh3.googleusercontent.com/d/1JWAhejVIOEjzXo5KaMN0RsX13yyDJVA9"
"T1222","https://lh3.googleusercontent.com/d/1vYiDa6gP4pkwBigUYp5KZn_m3mwqKI6x"
"T1026","https://lh3.googleusercontent.com/d/15k9_LryMi4EP12n8B4d9hTZfIBm5KEtW"
"T1224","https://lh3.googleusercontent.com/d/1Y1J08P7w9mvye_7m29iaihjV9xghH6u6"
"T1227","https://lh3.googleusercontent.com/d/1L3TkLCxwCJLSJggMAeBnFjTxQakbQB5N"
"T1027","https://lh3.googleusercontent.com/d/13jHf1OzZ7k2gAj51iglF8E5MRn4vph-Y"
"T1371","https://lh3.googleusercontent.com/d/1dgoj13bRyKfWIRKQMdvXTa7nVrQbGY1A"
"T0760","https://lh3.googleusercontent.com/d/1LxgFwm6b0Yyunw0Zm1sJtFTho0fRYJPG"
"T0761","https://lh3.googleusercontent.com/d/1WSs_Ie_MkhgAJuylWw4D3ZdXCTzrLQGQ"
"T1228","https://lh3.googleusercontent.com/d/14EvrFlG-f7Mh-Mq5AklRcyPBHzvWdwGF"
"T0762","https://lh3.googleusercontent.com/d/1XNynxZx9LVl5D1-8HfvXEQsFfx4ISate"
"T0763","https://lh3.googleusercontent.com/d/1l4qxFTZ5AEyQa15v1h-8yA8lIjcb982Q"
"T1229","https://lh3.googleusercontent.com/d/1_NzRWRLmVaFTG3AksrcU9RBHemv8qftk"
"T1028","https://lh3.googleusercontent.com/d/1nTaHDg7mzjlCSisJibervtibEOu_Xjud"
"T0764","https://lh3.googleusercontent.com/d/1mL35V2Q5-VuN6bzP4AAZSon6iUef05cp"
"T1029","https://lh3.googleusercontent.com/d/1HPAXi9wk3RW1_6powJXBG3AJ_S_cMn-7"
"T0765","https://lh3.googleusercontent.com/d/1m9_lYhxo1pfblGaOqVMrsOU9wzNPXSSc"
"T0766","https://lh3.googleusercontent.com/d/1JV-TnPrhbaCI8LxwlrxN50sCwcVmWvmg"
"T0767","https://lh3.googleusercontent.com/d/1qpqstNuRPYVVRafvSs7VN591bp1MEPMu"
"T0768","https://lh3.googleusercontent.com/d/1gsFcvbSK287WN0AqomSgx_5GErOaTV0B"
"T0769","https://lh3.googleusercontent.com/d/1kvBpQI0vb6e-ajq57lKMACeWiGPD5Cf8"
"T0770","https://lh3.googleusercontent.com/d/1c4-8iSmvdiRBKqZKGrZ6ELi68bMagkdp"
"T0771","https://lh3.googleusercontent.com/d/1wA4atyBfBtNJzcV4sN4vTxd5HGXDXeZY"
"T1030","https://lh3.googleusercontent.com/d/1CtrRLPOYp9UYmf_3Y_KR5BTOtcLFcIcO"
"T1031","https://lh3.googleusercontent.com/d/1qJjGl7F5IxrOP0C34fdITpa-DJPA6qGt"
"T0772","https://lh3.googleusercontent.com/d/1IDOOchyCDj9tzHZuP4WMeR-Mx9M3D9Ll"
"T0773","https://lh3.googleusercontent.com/d/1zngBgTc-uUtiC3BD7ofvbGEiLSYNZ-Lz"
"T1230","https://lh3.googleusercontent.com/d/1CuhFqrgWm6w6Ov9sVYktqUpqgPepgj58"
"T0774","https://lh3.googleusercontent.com/d/1NgYOa4i9UKOxBnoSxws74gA3dCfp9_B2"
"T1313","https://lh3.googleusercontent.com/d/1dWMH1G3cyv2hryPY_RHD_Daei7BfzN-W"
"T1233","https://lh3.googleusercontent.com/d/1SWFS8KUAvW16pBwG7vxwoElokiK-jV3e"
"T1232","https://lh3.googleusercontent.com/d/1WqG9W2BHLVcfkH1YhSzojlLh6ySPtPYP"
"T0775","https://lh3.googleusercontent.com/d/1DcGBnTLlyOv4Zuy1KRRWGb-QartzsFt3"
"T1032","https://lh3.googleusercontent.com/d/1NwKdtacmnC3LlkF1VcbMzfz1BEROg5XD"
"T0776","https://lh3.googleusercontent.com/d/1zprzJNMnfEa8FXZNAtCHnroEMuOA4iMp"
"T0778","https://lh3.googleusercontent.com/d/1PNZVksKSjAD0z6zACr9Umoqd60uYikEl"
"T0779","https://lh3.googleusercontent.com/d/1is2v3EC7WDRgdMO5bsIKT8qZcpz8a_wO"
"T0780","https://lh3.googleusercontent.com/d/1T6nkZzG5J4Rif8pZzDRf2twXjgbzS-0I"
"T0781","https://lh3.googleusercontent.com/d/1G1cCv2vwDNJzzpJd9J_Q5La-Q1MNS2p_"
"T0782","https://lh3.googleusercontent.com/d/1jn5R1MC0ANL014lXPBfaQVHeWOZqWKC3"
"T0915","https://lh3.googleusercontent.com/d/1Y6JWBRf9yV-iUho57de4eH5IKzO0i__I"
"T0783","https://lh3.googleusercontent.com/d/1ZiboL2CJNoT0fMDdhEStWM0a0A7dQVLR"
"T1234","https://lh3.googleusercontent.com/d/1Xt2I0dQWTpfAOVbGvg51qVCZZO9Zr62Y"
"T0784","https://lh3.googleusercontent.com/d/1DQQVrmFybg8td9lme-4w1wDUcGJpzQcJ"
"T1235","https://lh3.googleusercontent.com/d/12jEVUbpDGxTW0R-_LvaMbTRviur_vvco"
"T1035","https://lh3.googleusercontent.com/d/17oYEACfq5p1WvgWz12GEx2JviqnsrEwR"
"T1286","https://lh3.googleusercontent.com/d/1Cks_ShThNB8pxQkjtE34ckr1PsvUDJjH"
"T1036","https://lh3.googleusercontent.com/d/1MAedKFGYbh6P_5a_JqXxtJT_hk0l6DcE"
"T0786","https://lh3.googleusercontent.com/d/1TauHVCX9v4__BfM_S2oloFKUCBNzricM"
"T0788","https://lh3.googleusercontent.com/d/1Rf4v7K4qr5nGCPhjPDZ85hYgtiy0XnI6"
"T1372","https://lh3.googleusercontent.com/d/17xoH3-2LSHLkeJI9-5t1roRoAqMZIYD6"
"T0789","https://lh3.googleusercontent.com/d/1xwmnjjtjDuIOpn-lIG2t-2njgS9CN951"
"T1037","https://lh3.googleusercontent.com/d/1fsEfGi0QTu4WOQwIZveP0WhEd6sDZ9S_"
"T1236","https://lh3.googleusercontent.com/d/1MMHve5bL_GWLSxQ1y1T7mSTh3CcCVqeT"
"T0790","https://lh3.googleusercontent.com/d/1SN4Zyrp2RacuaEbook0tkYMu1KZTr5au"
"T1038","https://lh3.googleusercontent.com/d/1GQ77BZXKztQHL9qoaKIkpG9DWMsB6ycc"
"T1039","https://lh3.googleusercontent.com/d/1yaaVBJmHbfn_WFv1ovEU1DIasMYR88hL"
"T0791","https://lh3.googleusercontent.com/d/1cyxZHsEjx8a52rJJR9TF8Y1Kc8eOaqOG"
"T1040","https://lh3.googleusercontent.com/d/1FIaxhN8_Y4tGWMTuokLewDKSxd1y9UTz"
"T1041","https://lh3.googleusercontent.com/d/1nPzHscobdltfCjLsJ2gsbaaACOynjyOD"
"T1238","https://lh3.googleusercontent.com/d/1eP6MmnE6uyMdPtnZDejtzph9C_fGRIpO"
"T0792","https://lh3.googleusercontent.com/d/15QjiPhWGa6M8GKDAqp7VEgGv8iaYLjzZ"
"T0793","https://lh3.googleusercontent.com/d/1RSb2k8mF96-8DRt0FR5v8Vo0F5yi8SFW"
"T0794","https://lh3.googleusercontent.com/d/1EPx1LpX0T3sfq_Ai-L-TS8IrjoPqZxsE"
"T1239","https://lh3.googleusercontent.com/d/1nbBx70Ui8eL_-B2wx6u0gGXemDOYLe1G"
"T0795","https://lh3.googleusercontent.com/d/1zqcAQdGtAlHsMponrsj_b2GYfv5yTUqS"
"T1240","https://lh3.googleusercontent.com/d/1a95Sd4E_23Pergx1vO0-bmm69SC0XPeB"
"T0796","https://lh3.googleusercontent.com/d/1nCygNnO9NWeHLbqiAfnUPYyo7MYa6WXH"
"T0797","https://lh3.googleusercontent.com/d/1_gSgT2xlFbZU05VRcsR0Uyu9Un08p1fG"
"T0799","https://lh3.googleusercontent.com/d/1apL7K-6MrzlSMGza4t2JRmgtaOjlSEdS"
"T0800","https://lh3.googleusercontent.com/d/1yUiJvYSdJA6X_uTSvCFWhsBO9Os2r3A6"
"T0801","https://lh3.googleusercontent.com/d/1v_hnD8RhuJAsbixwn22rZTRuIfXWYcX2"
"T0802","https://lh3.googleusercontent.com/d/1syojaaCkeGEVCx9GJ6fXvJlPfwO-jHWm"
"T0803","https://lh3.googleusercontent.com/d/1PQ2t8uAZuK1iFNOLfqrywp_jVp2BJjjH"
"T0804","https://lh3.googleusercontent.com/d/1LXaHY2e85jicRsabLEMerkhokvkblOuG"
"T0805","https://lh3.googleusercontent.com/d/1ZqBMqHGJP_-0y_HTCIR_i3uneQfOcNZg"
"T0806","https://lh3.googleusercontent.com/d/1CCxnmIBl0dhpWW4qM1dOBdfuZem1_SyZ"
"T1241","https://lh3.googleusercontent.com/d/14y0Sy_FcqIn90MV9QB1D2_KJS119qrU3"
"T1242","https://lh3.googleusercontent.com/d/1OFEAFWQqnSmrOehNkeCaEBStC2p5Bz5K"
"T1223","https://lh3.googleusercontent.com/d/1E49aeONQAaymEGBymyCXVpa7XbgUmpuS"
"T1231","https://lh3.googleusercontent.com/d/1tbSU5BYmTTOArHaZuu-703E6nT5gP_4D"
"T0785","https://lh3.googleusercontent.com/d/10ZhzVXTk6bTEHoj8lPuNCu-it3qZeeXj"
"T1034","https://lh3.googleusercontent.com/d/17byVeb6gKp08NjLujc2_sZKZNixOY1Il"
"T1243","https://lh3.googleusercontent.com/d/1M6_qFHllCdXXY-nqLFLgDdyyDTeMWp2-"
"T1042","https://lh3.googleusercontent.com/d/1Qc9eYi55_sWqSKVr0LicCp44I1HiFRU1"
"T1043","https://lh3.googleusercontent.com/d/1srRn2oJh9XPAgvzROUs-v3xXNS9hUKQs"
"T1045","https://lh3.googleusercontent.com/d/1INpcdzkw0RN6bU3nx4WDdhR3uCirHiGW"
"T1244","https://lh3.googleusercontent.com/d/1YPYWDayq_vPauj9hdRydH-JgwbBnKM3L"
"T1245","https://lh3.googleusercontent.com/d/1CbGv5bKn0YDpullPZ_i8AZuaOFbkOf3B"
"T1246","https://lh3.googleusercontent.com/d/17jciSahNO3L0uTXpeKA6QOVQ2SJJhn4g"
"T1046","https://lh3.googleusercontent.com/d/1pVXcQxXm0O3UtKN77dkOVFNPiOHOHgeK"
"T1247","https://lh3.googleusercontent.com/d/1rt_U6tt88YbzTqlXyKHtpMJj6EuBOkZ6"
"T0807","https://lh3.googleusercontent.com/d/1DKQqr2GsVPLVdjZut8wiuOPX3nDznZKu"
"T0002","https://res.cloudinary.com/ddrhgkyrt/image/upload/v1763892350/IMG_3848_kjoxdv.jpg"
"T0003","https://res.cloudinary.com/ddrhgkyrt/image/upload/v1763892350/IMG_3848_kjoxdv.jpg"
"x5nqj9c","https://lh3.googleusercontent.com/d/18Axa0rmSzOBmHQ-XdhAXcZK0jfNqWisx"
"x1qthl81","https://lh3.googleusercontent.com/d/18Axa0rmSzOBmHQ-XdhAXcZK0jfNqWisx"
"T0900","https://lh3.googleusercontent.com/d/1y2lPdcPdn7W3Jk3K0juD8odmzCJWsbLL"
"T0214","https://lh3.googleusercontent.com/d/1amJI6BDScP3WAXJgJpJ2j3_SODgg649e"
"T1058","https://lh3.googleusercontent.com/d/1wLcAL2LwDNp7MxSlwM8tj1qw96rzzAJ7"
"T1743","https://lh3.googleusercontent.com/d/1Lut5cTSZcp1hGDakIpYTYIGujovQJW2z"
"T0554","https://lh3.googleusercontent.com/d/1OC58whRyMyCnWxKRCw3Svaw9xFppma84"
"T1105","https://lh3.googleusercontent.com/d/1OC58whRyMyCnWxKRCw3Svaw9xFppma84"
"xqpuoyn","https://lh3.googleusercontent.com/d/1xOiRYdKrjvKyMcw_9TQfVwqIhEXBUocD"
"T1736","https://lh3.googleusercontent.com/d/1SpZpUj1Yt64E66wzMlW7HLOR8XgMh2qi"
"T0898","https://lh3.googleusercontent.com/d/1p7LVaZyW-xsC_tjFQjRQOk8WhcGHAOCA"
"T1737","https://lh3.googleusercontent.com/d/1GjSU6FFUyVoG5MueE5DOTolPng8clCXO"
"T1742","https://lh3.googleusercontent.com/d/17M6ighEsL0CgMK45frJUs-8rwyBq1yaz"
"T1731","https://lh3.googleusercontent.com/d/1ILPtlsFijG0rgsd6dR3FDOt9MVcJpXG5"
"T1733","https://lh3.googleusercontent.com/d/1lbh9s1Rhrxs_bzUMQtfMK5kGuLj7GNBn"
"T0911","https://lh3.googleusercontent.com/d/1lbh9s1Rhrxs_bzUMQtfMK5kGuLj7GNBn"
